Country,Year,Gold,Total,IsHost,Prep,Alpha_c
Algeria,1952,0.0,0.0,0,0,0.0
Algeria,1956,0.0,0.0,0,0,0.0
Algeria,1960,0.0,0.0,0,0,0.0
Algeria,1964,0.0,0.0,0,0,0.0
Algeria,1968,0.0,0.0,0,0,0.0
Algeria,1972,0.0,0.0,0,0,0.0
Algeria,1976,0.0,0.0,0,0,0.0
Algeria,1980,0.0,0.0,0,0,0.0
Algeria,1984,0.0,2.0,0,0,0.0
Algeria,1988,0.0,0.0,0,0,0.0
Algeria,1992,1.0,2.0,0,0,0.0
Algeria,1996,2.0,3.0,0,0,0.0
Algeria,2000,1.0,5.0,0,0,0.0
Algeria,2004,0.0,0.0,0,0,0.0
Algeria,2008,0.0,2.0,0,0,0.0
Algeria,2012,1.0,1.0,0,0,0.0
Algeria,2016,0.0,2.0,0,0,0.0
Algeria,2020,0.0,0.0,0,0,0.0
Algeria,2024,2.0,3.0,0,0,0.0
Argentina,1952,1.0,5.0,0,0,0.0
Argentina,1956,0.0,2.0,0,0,0.0
Argentina,1960,0.0,2.0,0,0,0.0
Argentina,1964,0.0,1.0,0,0,0.0
Argentina,1968,0.0,2.0,0,0,0.0
Argentina,1972,0.0,1.0,0,0,0.0
Argentina,1976,0.0,0.0,0,0,0.0
Argentina,1980,0.0,0.0,0,0,0.0
Argentina,1984,0.0,0.0,0,0,0.0
Argentina,1988,0.0,2.0,0,0,0.0
Argentina,1992,0.0,1.0,0,0,0.0
Argentina,1996,0.0,3.0,0,0,0.0
Argentina,2000,0.0,4.0,0,0,0.0
Argentina,2004,2.0,6.0,0,0,0.0
Argentina,2008,2.0,6.0,0,0,0.0
Argentina,2012,1.0,4.0,0,0,0.0
Argentina,2016,3.0,4.0,0,0,0.0
Argentina,2020,0.0,3.0,0,0,0.0
Argentina,2024,1.0,3.0,0,0,0.0
Armenia,1952,0.0,0.0,0,0,0.0
Armenia,1956,0.0,0.0,0,0,0.0
Armenia,1960,0.0,0.0,0,0,0.0
Armenia,1964,0.0,0.0,0,0,0.0
Armenia,1968,0.0,0.0,0,0,0.0
Armenia,1972,0.0,0.0,0,0,0.0
Armenia,1976,0.0,0.0,0,0,0.0
Armenia,1980,0.0,0.0,0,0,0.0
Armenia,1984,0.0,0.0,0,0,0.0
Armenia,1988,0.0,0.0,0,0,0.0
Armenia,1992,0.0,0.0,0,0,0.0
Armenia,1996,1.0,2.0,0,0,0.0
Armenia,2000,0.0,1.0,0,0,0.0
Armenia,2004,0.0,0.0,0,0,0.0
Armenia,2008,0.0,5.0,0,0,0.0
Armenia,2012,0.0,2.0,0,0,0.0
Armenia,2016,1.0,4.0,0,0,0.0
Armenia,2020,0.0,4.0,0,0,0.0
Armenia,2024,0.0,4.0,0,0,0.0
Australia,1952,6.0,11.0,0,1,0.0
Australia,1956,13.0,35.0,1,1,0.0
Australia,1960,8.0,22.0,0,0,3.46875
Australia,1964,6.0,18.0,0,0,2.9
Australia,1968,5.0,17.0,0,0,2.673913
Australia,1972,8.0,17.0,0,0,2.568627
Australia,1976,0.0,5.0,0,0,2.305085
Australia,1980,2.0,9.0,0,0,2.525424
Australia,1984,4.0,24.0,0,0,2.622951
Australia,1988,3.0,14.0,0,0,2.6
Australia,1992,7.0,27.0,0,1,2.632353
Australia,1996,9.0,41.0,0,1,2.466667
Australia,2000,16.0,58.0,1,1,2.25
Australia,2004,17.0,50.0,0,0,2.19
Australia,2008,14.0,46.0,0,0,1.850427
Australia,2012,8.0,35.0,0,0,1.656489
Australia,2016,8.0,29.0,0,0,1.607914
Australia,2020,17.0,46.0,0,0,1.564626
Australia,2024,18.0,53.0,0,1,1.387195
Austria,1952,0.0,2.0,0,0,0.0
Austria,1956,0.0,2.0,0,0,0.0
Austria,1960,1.0,2.0,0,0,0.0
Austria,1964,0.0,0.0,0,0,0.0
Austria,1968,0.0,4.0,0,0,0.0
Austria,1972,0.0,3.0,0,0,0.0
Austria,1976,0.0,1.0,0,0,0.0
Austria,1980,1.0,4.0,0,0,0.0
Austria,1984,1.0,3.0,0,0,0.0
Austria,1988,1.0,1.0,0,0,0.0
Austria,1992,0.0,2.0,0,0,0.0
Austria,1996,0.0,3.0,0,0,0.0
Austria,2000,2.0,3.0,0,0,0.0
Austria,2004,2.0,7.0,0,0,0.0
Austria,2008,0.0,3.0,0,0,0.0
Austria,2012,0.0,0.0,0,0,0.0
Austria,2016,0.0,1.0,0,0,0.0
Austria,2020,1.0,7.0,0,0,0.0
Austria,2024,2.0,5.0,0,0,0.0
Azerbaijan,1952,0.0,0.0,0,0,0.0
Azerbaijan,1956,0.0,0.0,0,0,0.0
Azerbaijan,1960,0.0,0.0,0,0,0.0
Azerbaijan,1964,0.0,0.0,0,0,0.0
Azerbaijan,1968,0.0,0.0,0,0,0.0
Azerbaijan,1972,0.0,0.0,0,0,0.0
Azerbaijan,1976,0.0,0.0,0,0,0.0
Azerbaijan,1980,0.0,0.0,0,0,0.0
Azerbaijan,1984,0.0,0.0,0,0,0.0
Azerbaijan,1988,0.0,0.0,0,0,0.0
Azerbaijan,1992,0.0,0.0,0,0,0.0
Azerbaijan,1996,0.0,1.0,0,0,0.0
Azerbaijan,2000,2.0,3.0,0,0,0.0
Azerbaijan,2004,1.0,5.0,0,0,0.0
Azerbaijan,2008,1.0,6.0,0,0,0.0
Azerbaijan,2012,2.0,9.0,0,0,0.0
Azerbaijan,2016,1.0,18.0,0,0,0.0
Azerbaijan,2020,0.0,7.0,0,0,0.0
Azerbaijan,2024,2.0,7.0,0,0,0.0
Bahamas,1952,0.0,0.0,0,0,0.0
Bahamas,1956,0.0,1.0,0,0,0.0
Bahamas,1960,0.0,0.0,0,0,0.0
Bahamas,1964,1.0,1.0,0,0,0.0
Bahamas,1968,0.0,0.0,0,0,0.0
Bahamas,1972,0.0,0.0,0,0,0.0
Bahamas,1976,0.0,0.0,0,0,0.0
Bahamas,1980,0.0,0.0,0,0,0.0
Bahamas,1984,0.0,0.0,0,0,0.0
Bahamas,1988,0.0,0.0,0,0,0.0
Bahamas,1992,0.0,1.0,0,0,0.0
Bahamas,1996,0.0,1.0,0,0,0.0
Bahamas,2000,2.0,3.0,0,0,0.0
Bahamas,2004,1.0,2.0,0,0,0.0
Bahamas,2008,0.0,2.0,0,0,0.0
Bahamas,2012,1.0,1.0,0,0,0.0
Bahamas,2016,1.0,2.0,0,0,0.0
Bahamas,2020,2.0,2.0,0,0,0.0
Bahamas,2024,0.0,0.0,0,0,0.0
Belarus,1952,0.0,0.0,0,0,0.0
Belarus,1956,0.0,0.0,0,0,0.0
Belarus,1960,0.0,0.0,0,0,0.0
Belarus,1964,0.0,0.0,0,0,0.0
Belarus,1968,0.0,0.0,0,0,0.0
Belarus,1972,0.0,0.0,0,0,0.0
Belarus,1976,0.0,0.0,0,0,0.0
Belarus,1980,0.0,0.0,0,0,0.0
Belarus,1984,0.0,0.0,0,0,0.0
Belarus,1988,0.0,0.0,0,0,0.0
Belarus,1992,0.0,0.0,0,0,0.0
Belarus,1996,1.0,15.0,0,0,0.0
Belarus,2000,3.0,17.0,0,0,0.0
Belarus,2004,2.0,13.0,0,0,0.0
Belarus,2008,3.0,14.0,0,0,0.0
Belarus,2012,2.0,10.0,0,0,0.0
Belarus,2016,1.0,9.0,0,0,0.0
Belarus,2020,1.0,7.0,0,0,0.0
Belarus,2024,0.0,0.0,0,0,0.0
Belgium,1952,2.0,4.0,0,0,3.5
Belgium,1956,0.0,2.0,0,0,3.666667
Belgium,1960,0.0,4.0,0,0,4.133333
Belgium,1964,2.0,3.0,0,0,4.6
Belgium,1968,0.0,2.0,0,0,4.6875
Belgium,1972,0.0,2.0,0,0,5.125
Belgium,1976,0.0,6.0,0,0,5.5625
Belgium,1980,1.0,1.0,0,0,6.0
Belgium,1984,1.0,4.0,0,0,6.212121
Belgium,1988,0.0,2.0,0,0,6.411765
Belgium,1992,0.0,3.0,0,0,6.823529
Belgium,1996,2.0,6.0,0,0,7.235294
Belgium,2000,0.0,5.0,0,0,7.166667
Belgium,2004,1.0,3.0,0,0,7.555556
Belgium,2008,2.0,2.0,0,0,7.702703
Belgium,2012,0.0,3.0,0,0,7.615385
Belgium,2016,2.0,6.0,0,0,7.974359
Belgium,2020,3.0,7.0,0,0,7.878049
Belgium,2024,3.0,10.0,0,0,7.590909
Brazil,1952,1.0,3.0,0,0,0.0
Brazil,1956,1.0,1.0,0,0,0.0
Brazil,1960,0.0,2.0,0,0,0.0
Brazil,1964,0.0,1.0,0,0,0.0
Brazil,1968,0.0,3.0,0,0,0.0
Brazil,1972,0.0,2.0,0,0,0.0
Brazil,1976,0.0,2.0,0,0,0.0
Brazil,1980,2.0,4.0,0,0,0.0
Brazil,1984,1.0,8.0,0,0,0.0
Brazil,1988,1.0,6.0,0,0,0.0
Brazil,1992,2.0,3.0,0,0,0.0
Brazil,1996,3.0,15.0,0,0,0.0
Brazil,2000,0.0,12.0,0,0,0.0
Brazil,2004,5.0,10.0,0,0,0.0
Brazil,2008,3.0,17.0,0,1,0.0
Brazil,2012,3.0,17.0,0,1,0.0
Brazil,2016,7.0,19.0,1,1,0.0
Brazil,2020,7.0,21.0,0,0,3.433333
Brazil,2024,3.0,20.0,0,0,2.783784
Bulgaria,1952,0.0,1.0,0,0,0.0
Bulgaria,1956,1.0,5.0,0,0,0.0
Bulgaria,1960,1.0,7.0,0,0,0.0
Bulgaria,1964,3.0,10.0,0,0,0.0
Bulgaria,1968,2.0,9.0,0,0,0.0
Bulgaria,1972,6.0,21.0,0,0,0.0
Bulgaria,1976,6.0,22.0,0,0,0.0
Bulgaria,1980,8.0,41.0,0,0,0.0
Bulgaria,1984,0.0,0.0,0,0,0.0
Bulgaria,1988,10.0,35.0,0,0,0.0
Bulgaria,1992,3.0,16.0,0,0,0.0
Bulgaria,1996,3.0,15.0,0,0,0.0
Bulgaria,2000,5.0,13.0,0,0,0.0
Bulgaria,2004,2.0,12.0,0,0,0.0
Bulgaria,2008,1.0,5.0,0,0,0.0
Bulgaria,2012,0.0,3.0,0,0,0.0
Bulgaria,2016,0.0,3.0,0,0,0.0
Bulgaria,2020,3.0,6.0,0,0,0.0
Bulgaria,2024,3.0,7.0,0,0,0.0
Cameroon,1952,0.0,0.0,0,0,0.0
Cameroon,1956,0.0,0.0,0,0,0.0
Cameroon,1960,0.0,0.0,0,0,0.0
Cameroon,1964,0.0,0.0,0,0,0.0
Cameroon,1968,0.0,1.0,0,0,0.0
Cameroon,1972,0.0,0.0,0,0,0.0
Cameroon,1976,0.0,0.0,0,0,0.0
Cameroon,1980,0.0,0.0,0,0,0.0
Cameroon,1984,0.0,1.0,0,0,0.0
Cameroon,1988,0.0,0.0,0,0,0.0
Cameroon,1992,0.0,0.0,0,0,0.0
Cameroon,1996,0.0,0.0,0,0,0.0
Cameroon,2000,1.0,1.0,0,0,0.0
Cameroon,2004,1.0,1.0,0,0,0.0
Cameroon,2008,1.0,1.0,0,0,0.0
Cameroon,2012,0.0,1.0,0,0,0.0
Cameroon,2016,0.0,0.0,0,0,0.0
Cameroon,2020,0.0,0.0,0,0,0.0
Cameroon,2024,0.0,0.0,0,0,0.0
Canada,1952,1.0,3.0,0,0,0.0
Canada,1956,2.0,6.0,0,0,0.0
Canada,1960,0.0,1.0,0,0,0.0
Canada,1964,1.0,4.0,0,0,0.0
Canada,1968,1.0,5.0,0,1,0.0
Canada,1972,0.0,5.0,0,1,0.0
Canada,1976,0.0,11.0,1,1,0.0
Canada,1980,0.0,0.0,0,0,-1.0
Canada,1984,10.0,44.0,0,0,-1.0
Canada,1988,3.0,10.0,0,0,-1.0
Canada,1992,7.0,18.0,0,0,-1.0
Canada,1996,3.0,22.0,0,0,-1.0
Canada,2000,3.0,14.0,0,0,-1.0
Canada,2004,3.0,12.0,0,0,-1.0
Canada,2008,3.0,20.0,0,0,-1.0
Canada,2012,2.0,18.0,0,0,-1.0
Canada,2016,4.0,22.0,0,0,-1.0
Canada,2020,7.0,24.0,0,0,-1.0
Canada,2024,9.0,27.0,0,0,-1.0
Chile,1952,0.0,2.0,0,0,0.0
Chile,1956,0.0,4.0,0,0,0.0
Chile,1960,0.0,0.0,0,0,0.0
Chile,1964,0.0,0.0,0,0,0.0
Chile,1968,0.0,0.0,0,0,0.0
Chile,1972,0.0,0.0,0,0,0.0
Chile,1976,0.0,0.0,0,0,0.0
Chile,1980,0.0,0.0,0,0,0.0
Chile,1984,0.0,0.0,0,0,0.0
Chile,1988,0.0,1.0,0,0,0.0
Chile,1992,0.0,0.0,0,0,0.0
Chile,1996,0.0,0.0,0,0,0.0
Chile,2000,0.0,1.0,0,0,0.0
Chile,2004,2.0,3.0,0,0,0.0
Chile,2008,0.0,1.0,0,0,0.0
Chile,2012,0.0,0.0,0,0,0.0
Chile,2016,0.0,0.0,0,0,0.0
Chile,2020,0.0,0.0,0,0,0.0
Chile,2024,1.0,2.0,0,0,0.0
China,1952,0.0,0.0,0,0,0.0
China,1956,0.0,0.0,0,0,0.0
China,1960,0.0,0.0,0,0,0.0
China,1964,0.0,0.0,0,0,0.0
China,1968,0.0,0.0,0,0,0.0
China,1972,0.0,0.0,0,0,0.0
China,1976,0.0,0.0,0,0,0.0
China,1980,0.0,0.0,0,0,0.0
China,1984,15.0,32.0,0,0,0.0
China,1988,5.0,28.0,0,0,0.0
China,1992,16.0,54.0,0,0,0.0
China,1996,16.0,50.0,0,0,0.0
China,2000,28.0,58.0,0,1,0.0
China,2004,32.0,63.0,0,1,0.0
China,2008,48.0,100.0,1,1,0.0
China,2012,39.0,92.0,0,0,1.1
China,2016,26.0,70.0,0,0,0.929648
China,2020,38.0,89.0,0,0,0.92
China,2024,40.0,91.0,0,0,0.825095
Chinese Taipei,1952,0.0,0.0,0,0,0.0
Chinese Taipei,1956,0.0,0.0,0,0,0.0
Chinese Taipei,1960,0.0,1.0,0,0,0.0
Chinese Taipei,1964,0.0,0.0,0,0,0.0
Chinese Taipei,1968,0.0,1.0,0,0,0.0
Chinese Taipei,1972,0.0,0.0,0,0,0.0
Chinese Taipei,1976,0.0,0.0,0,0,0.0
Chinese Taipei,1980,0.0,0.0,0,0,0.0
Chinese Taipei,1984,0.0,1.0,0,0,0.0
Chinese Taipei,1988,0.0,0.0,0,0,0.0
Chinese Taipei,1992,0.0,1.0,0,0,0.0
Chinese Taipei,1996,0.0,1.0,0,0,0.0
Chinese Taipei,2000,0.0,5.0,0,0,0.0
Chinese Taipei,2004,2.0,5.0,0,0,0.0
Chinese Taipei,2008,1.0,4.0,0,0,0.0
Chinese Taipei,2012,1.0,2.0,0,0,0.0
Chinese Taipei,2016,1.0,3.0,0,0,0.0
Chinese Taipei,2020,2.0,12.0,0,0,0.0
Chinese Taipei,2024,2.0,7.0,0,0,0.0
Colombia,1952,0.0,0.0,0,0,0.0
Colombia,1956,0.0,0.0,0,0,0.0
Colombia,1960,0.0,0.0,0,0,0.0
Colombia,1964,0.0,0.0,0,0,0.0
Colombia,1968,0.0,0.0,0,0,0.0
Colombia,1972,0.0,3.0,0,0,0.0
Colombia,1976,0.0,0.0,0,0,0.0
Colombia,1980,0.0,0.0,0,0,0.0
Colombia,1984,0.0,1.0,0,0,0.0
Colombia,1988,0.0,1.0,0,0,0.0
Colombia,1992,0.0,1.0,0,0,0.0
Colombia,1996,0.0,0.0,0,0,0.0
Colombia,2000,1.0,1.0,0,0,0.0
Colombia,2004,0.0,2.0,0,0,0.0
Colombia,2008,0.0,3.0,0,0,0.0
Colombia,2012,1.0,9.0,0,0,0.0
Colombia,2016,3.0,8.0,0,0,0.0
Colombia,2020,0.0,5.0,0,0,0.0
Colombia,2024,0.0,4.0,0,0,0.0
Croatia,1952,0.0,0.0,0,0,0.0
Croatia,1956,0.0,0.0,0,0,0.0
Croatia,1960,0.0,0.0,0,0,0.0
Croatia,1964,0.0,0.0,0,0,0.0
Croatia,1968,0.0,0.0,0,0,0.0
Croatia,1972,0.0,0.0,0,0,0.0
Croatia,1976,0.0,0.0,0,0,0.0
Croatia,1980,0.0,0.0,0,0,0.0
Croatia,1984,0.0,0.0,0,0,0.0
Croatia,1988,0.0,0.0,0,0,0.0
Croatia,1992,0.0,3.0,0,0,0.0
Croatia,1996,1.0,2.0,0,0,0.0
Croatia,2000,1.0,2.0,0,0,0.0
Croatia,2004,1.0,5.0,0,0,0.0
Croatia,2008,0.0,5.0,0,0,0.0
Croatia,2012,3.0,6.0,0,0,0.0
Croatia,2016,5.0,10.0,0,0,0.0
Croatia,2020,3.0,8.0,0,0,0.0
Croatia,2024,2.0,7.0,0,0,0.0
Cuba,1952,0.0,0.0,0,0,0.0
Cuba,1956,0.0,0.0,0,0,0.0
Cuba,1960,0.0,0.0,0,0,0.0
Cuba,1964,0.0,1.0,0,0,0.0
Cuba,1968,0.0,4.0,0,0,0.0
Cuba,1972,3.0,8.0,0,0,0.0
Cuba,1976,6.0,13.0,0,0,0.0
Cuba,1980,8.0,20.0,0,0,0.0
Cuba,1984,0.0,0.0,0,0,0.0
Cuba,1988,0.0,0.0,0,0,0.0
Cuba,1992,14.0,31.0,0,0,0.0
Cuba,1996,9.0,25.0,0,0,0.0
Cuba,2000,11.0,29.0,0,0,0.0
Cuba,2004,9.0,27.0,0,0,0.0
Cuba,2008,3.0,30.0,0,0,0.0
Cuba,2012,5.0,15.0,0,0,0.0
Cuba,2016,5.0,11.0,0,0,0.0
Cuba,2020,7.0,15.0,0,0,0.0
Cuba,2024,2.0,9.0,0,0,0.0
Czech Republic,1952,7.0,13.0,0,0,0.0
Czech Republic,1956,1.0,6.0,0,0,0.0
Czech Republic,1960,3.0,8.0,0,0,0.0
Czech Republic,1964,5.0,14.0,0,0,0.0
Czech Republic,1968,7.0,13.0,0,0,0.0
Czech Republic,1972,2.0,8.0,0,0,0.0
Czech Republic,1976,2.0,8.0,0,0,0.0
Czech Republic,1980,2.0,14.0,0,0,0.0
Czech Republic,1984,0.0,0.0,0,0,0.0
Czech Republic,1988,3.0,8.0,0,0,0.0
Czech Republic,1992,4.0,7.0,0,0,0.0
Czech Republic,1996,4.0,11.0,0,0,0.0
Czech Republic,2000,2.0,8.0,0,0,0.0
Czech Republic,2004,1.0,9.0,0,0,0.0
Czech Republic,2008,3.0,7.0,0,0,0.0
Czech Republic,2012,4.0,11.0,0,0,0.0
Czech Republic,2016,1.0,10.0,0,0,0.0
Czech Republic,2020,4.0,11.0,0,0,0.0
Czech Republic,2024,3.0,5.0,0,0,0.0
Denmark,1952,2.0,6.0,0,0,0.0
Denmark,1956,1.0,4.0,0,0,0.0
Denmark,1960,2.0,6.0,0,0,0.0
Denmark,1964,2.0,6.0,0,0,0.0
Denmark,1968,1.0,8.0,0,0,0.0
Denmark,1972,1.0,1.0,0,0,0.0
Denmark,1976,1.0,3.0,0,0,0.0
Denmark,1980,2.0,5.0,0,0,0.0
Denmark,1984,0.0,6.0,0,0,0.0
Denmark,1988,2.0,4.0,0,0,0.0
Denmark,1992,1.0,6.0,0,0,0.0
Denmark,1996,4.0,6.0,0,0,0.0
Denmark,2000,2.0,6.0,0,0,0.0
Denmark,2004,2.0,8.0,0,0,0.0
Denmark,2008,2.0,7.0,0,0,0.0
Denmark,2012,2.0,9.0,0,0,0.0
Denmark,2016,2.0,15.0,0,0,0.0
Denmark,2020,3.0,11.0,0,0,0.0
Denmark,2024,2.0,9.0,0,0,0.0
Dominican Republic,1952,0.0,0.0,0,0,0.0
Dominican Republic,1956,0.0,0.0,0,0,0.0
Dominican Republic,1960,0.0,0.0,0,0,0.0
Dominican Republic,1964,0.0,0.0,0,0,0.0
Dominican Republic,1968,0.0,0.0,0,0,0.0
Dominican Republic,1972,0.0,0.0,0,0,0.0
Dominican Republic,1976,0.0,0.0,0,0,0.0
Dominican Republic,1980,0.0,0.0,0,0,0.0
Dominican Republic,1984,0.0,1.0,0,0,0.0
Dominican Republic,1988,0.0,0.0,0,0,0.0
Dominican Republic,1992,0.0,0.0,0,0,0.0
Dominican Republic,1996,0.0,0.0,0,0,0.0
Dominican Republic,2000,0.0,0.0,0,0,0.0
Dominican Republic,2004,1.0,1.0,0,0,0.0
Dominican Republic,2008,1.0,2.0,0,0,0.0
Dominican Republic,2012,1.0,2.0,0,0,0.0
Dominican Republic,2016,0.0,1.0,0,0,0.0
Dominican Republic,2020,0.0,5.0,0,0,0.0
Dominican Republic,2024,1.0,3.0,0,0,0.0
Egypt,1952,0.0,1.0,0,0,0.0
Egypt,1956,0.0,0.0,0,0,0.0
Egypt,1960,0.0,2.0,0,0,0.0
Egypt,1964,0.0,0.0,0,0,0.0
Egypt,1968,0.0,0.0,0,0,0.0
Egypt,1972,0.0,0.0,0,0,0.0
Egypt,1976,0.0,0.0,0,0,0.0
Egypt,1980,0.0,0.0,0,0,0.0
Egypt,1984,0.0,1.0,0,0,0.0
Egypt,1988,0.0,0.0,0,0,0.0
Egypt,1992,0.0,0.0,0,0,0.0
Egypt,1996,0.0,0.0,0,0,0.0
Egypt,2000,0.0,0.0,0,0,0.0
Egypt,2004,1.0,5.0,0,0,0.0
Egypt,2008,0.0,2.0,0,0,0.0
Egypt,2012,0.0,4.0,0,0,0.0
Egypt,2016,0.0,3.0,0,0,0.0
Egypt,2020,1.0,6.0,0,0,0.0
Egypt,2024,1.0,3.0,0,0,0.0
Estonia,1952,0.0,0.0,0,0,0.0
Estonia,1956,0.0,0.0,0,0,0.0
Estonia,1960,0.0,0.0,0,0,0.0
Estonia,1964,0.0,0.0,0,0,0.0
Estonia,1968,0.0,0.0,0,0,0.0
Estonia,1972,0.0,0.0,0,0,0.0
Estonia,1976,0.0,0.0,0,0,0.0
Estonia,1980,0.0,0.0,0,0,0.0
Estonia,1984,0.0,0.0,0,0,0.0
Estonia,1988,0.0,0.0,0,0,0.0
Estonia,1992,1.0,2.0,0,0,0.0
Estonia,1996,0.0,0.0,0,0,0.0
Estonia,2000,1.0,3.0,0,0,0.0
Estonia,2004,0.0,3.0,0,0,0.0
Estonia,2008,1.0,2.0,0,0,0.0
Estonia,2012,0.0,2.0,0,0,0.0
Estonia,2016,0.0,1.0,0,0,0.0
Estonia,2020,1.0,2.0,0,0,0.0
Estonia,2024,0.0,0.0,0,0,0.0
Ethiopia,1952,0.0,0.0,0,0,0.0
Ethiopia,1956,0.0,0.0,0,0,0.0
Ethiopia,1960,1.0,1.0,0,0,0.0
Ethiopia,1964,1.0,1.0,0,0,0.0
Ethiopia,1968,1.0,2.0,0,0,0.0
Ethiopia,1972,0.0,2.0,0,0,0.0
Ethiopia,1976,0.0,0.0,0,0,0.0
Ethiopia,1980,2.0,4.0,0,0,0.0
Ethiopia,1984,0.0,0.0,0,0,0.0
Ethiopia,1988,0.0,0.0,0,0,0.0
Ethiopia,1992,1.0,3.0,0,0,0.0
Ethiopia,1996,2.0,3.0,0,0,0.0
Ethiopia,2000,4.0,8.0,0,0,0.0
Ethiopia,2004,2.0,7.0,0,0,0.0
Ethiopia,2008,4.0,7.0,0,0,0.0
Ethiopia,2012,3.0,8.0,0,0,0.0
Ethiopia,2016,1.0,8.0,0,0,0.0
Ethiopia,2020,1.0,4.0,0,0,0.0
Ethiopia,2024,1.0,4.0,0,0,0.0
Finland,1952,6.0,22.0,1,1,0.0
Finland,1956,3.0,15.0,0,0,-0.27027
Finland,1960,1.0,5.0,0,0,-0.220779
Finland,1964,3.0,5.0,0,0,-0.153846
Finland,1968,1.0,4.0,0,0,-0.111111
Finland,1972,3.0,8.0,0,0,-0.04878
Finland,1976,4.0,6.0,0,0,-0.011765
Finland,1980,3.0,8.0,0,0,0.011236
Finland,1984,4.0,12.0,0,0,0.043478
Finland,1988,1.0,4.0,0,0,0.0625
Finland,1992,1.0,5.0,0,0,0.113402
Finland,1996,1.0,4.0,0,0,0.163265
Finland,2000,2.0,4.0,0,0,0.212121
Finland,2004,0.0,2.0,0,0,0.247525
Finland,2008,1.0,4.0,0,0,0.306931
Finland,2012,0.0,3.0,0,0,0.352941
Finland,2016,0.0,1.0,0,0,0.411765
Finland,2020,0.0,2.0,0,0,0.470588
Finland,2024,0.0,0.0,0,0,0.529412
France,1952,6.0,18.0,0,0,1.2
France,1956,4.0,14.0,0,0,1.264151
France,1960,0.0,5.0,0,0,1.363636
France,1964,1.0,15.0,0,0,1.545455
France,1968,7.0,15.0,0,0,1.702703
France,1972,2.0,13.0,0,0,1.711864
France,1976,2.0,9.0,0,0,1.833333
France,1980,6.0,14.0,0,0,1.95082
France,1984,5.0,28.0,0,0,1.96875
France,1988,6.0,16.0,0,0,2.007519
France,1992,8.0,29.0,0,0,2.021583
France,1996,15.0,37.0,0,0,1.993197
France,2000,13.0,38.0,0,0,1.839506
France,2004,11.0,33.0,0,0,1.742857
France,2008,7.0,43.0,0,0,1.688172
France,2012,11.0,35.0,0,0,1.694301
France,2016,10.0,42.0,0,1,1.647059
France,2020,10.0,33.0,0,1,1.616822
France,2024,16.0,64.0,1,1,1.589286
Georgia,1952,0.0,0.0,0,0,0.0
Georgia,1956,0.0,0.0,0,0,0.0
Georgia,1960,0.0,0.0,0,0,0.0
Georgia,1964,0.0,0.0,0,0,0.0
Georgia,1968,0.0,0.0,0,0,0.0
Georgia,1972,0.0,0.0,0,0,0.0
Georgia,1976,0.0,0.0,0,0,0.0
Georgia,1980,0.0,0.0,0,0,0.0
Georgia,1984,0.0,0.0,0,0,0.0
Georgia,1988,0.0,0.0,0,0,0.0
Georgia,1992,0.0,0.0,0,0,0.0
Georgia,1996,0.0,2.0,0,0,0.0
Georgia,2000,0.0,6.0,0,0,0.0
Georgia,2004,2.0,4.0,0,0,0.0
Georgia,2008,3.0,7.0,0,0,0.0
Georgia,2012,1.0,6.0,0,0,0.0
Georgia,2016,2.0,7.0,0,0,0.0
Georgia,2020,2.0,8.0,0,0,0.0
Georgia,2024,3.0,7.0,0,0,0.0
Germany,1952,0.0,24.0,0,0,3.053333
Germany,1956,6.0,26.0,0,0,3.56
Germany,1960,12.0,42.0,0,0,3.691358
Germany,1964,10.0,50.0,0,1,3.494624
Germany,1968,14.0,51.0,0,1,3.427184
Germany,1972,33.0,106.0,1,1,3.222222
Germany,1976,50.0,129.0,0,0,2.313333
Germany,1980,47.0,126.0,0,0,1.6625
Germany,1984,17.0,59.0,0,0,1.299595
Germany,1988,48.0,142.0,0,0,1.285985
Germany,1992,33.0,82.0,0,0,1.048077
Germany,1996,20.0,65.0,0,0,0.955072
Germany,2000,13.0,56.0,0,0,0.945205
Germany,2004,13.0,49.0,0,0,0.972222
Germany,2008,16.0,41.0,0,0,0.997442
Germany,2012,11.0,44.0,0,0,1.006143
Germany,2016,17.0,42.0,0,0,1.038278
Germany,2020,10.0,37.0,0,0,1.04023
Germany,2024,12.0,33.0,0,0,1.074157
Ghana,1952,0.0,0.0,0,0,0.0
Ghana,1956,0.0,0.0,0,0,0.0
Ghana,1960,0.0,1.0,0,0,0.0
Ghana,1964,0.0,1.0,0,0,0.0
Ghana,1968,0.0,0.0,0,0,0.0
Ghana,1972,0.0,1.0,0,0,0.0
Ghana,1976,0.0,0.0,0,0,0.0
Ghana,1980,0.0,0.0,0,0,0.0
Ghana,1984,0.0,0.0,0,0,0.0
Ghana,1988,0.0,0.0,0,0,0.0
Ghana,1992,0.0,1.0,0,0,0.0
Ghana,1996,0.0,0.0,0,0,0.0
Ghana,2000,0.0,0.0,0,0,0.0
Ghana,2004,0.0,0.0,0,0,0.0
Ghana,2008,0.0,0.0,0,0,0.0
Ghana,2012,0.0,0.0,0,0,0.0
Ghana,2016,0.0,0.0,0,0,0.0
Ghana,2020,0.0,1.0,0,0,0.0
Ghana,2024,0.0,0.0,0,0,0.0
Great Britain,1952,1.0,11.0,0,0,1.659836
Great Britain,1956,6.0,24.0,0,0,1.878049
Great Britain,1960,2.0,20.0,0,0,1.972868
Great Britain,1964,4.0,18.0,0,0,2.152672
Great Britain,1968,5.0,13.0,0,0,2.277778
Great Britain,1972,4.0,18.0,0,0,2.371429
Great Britain,1976,3.0,13.0,0,0,2.482639
Great Britain,1980,5.0,21.0,0,0,2.612245
Great Britain,1984,5.0,37.0,0,0,2.6875
Great Britain,1988,5.0,24.0,0,0,2.757962
Great Britain,1992,5.0,20.0,0,0,2.824074
Great Britain,1996,1.0,15.0,0,0,2.886228
Great Britain,2000,11.0,28.0,0,0,3.03869
Great Britain,2004,9.0,30.0,0,1,2.955307
Great Britain,2008,19.0,51.0,0,1,2.922872
Great Britain,2012,29.0,65.0,1,1,2.705314
Great Britain,2016,27.0,67.0,0,0,2.355932
Great Britain,2020,22.0,64.0,0,0,2.12294
Great Britain,2024,14.0,65.0,0,0,1.984795
Greece,1952,0.0,0.0,0,0,3.166667
Greece,1956,0.0,1.0,0,0,3.166667
Greece,1960,1.0,1.0,0,0,4.0
Greece,1964,0.0,0.0,0,0,4.384615
Greece,1968,0.0,1.0,0,0,4.384615
Greece,1972,0.0,2.0,0,0,5.153846
Greece,1976,0.0,0.0,0,0,5.923077
Greece,1980,1.0,3.0,0,0,5.923077
Greece,1984,0.0,2.0,0,0,6.142857
Greece,1988,0.0,1.0,0,0,6.857143
Greece,1992,2.0,2.0,0,0,7.571429
Greece,1996,4.0,8.0,0,1,7.125
Greece,2000,4.0,13.0,0,1,6.0
Greece,2004,6.0,16.0,1,1,5.25
Greece,2008,0.0,3.0,0,0,3.266667
Greece,2012,0.0,2.0,0,0,3.533333
Greece,2016,3.0,6.0,0,0,3.8
Greece,2020,2.0,4.0,0,0,3.606061
Greece,2024,1.0,8.0,0,0,3.571429
Hong Kong,1952,0.0,0.0,0,0,0.0
Hong Kong,1956,0.0,0.0,0,0,0.0
Hong Kong,1960,0.0,0.0,0,0,0.0
Hong Kong,1964,0.0,0.0,0,0,0.0
Hong Kong,1968,0.0,0.0,0,0,0.0
Hong Kong,1972,0.0,0.0,0,0,0.0
Hong Kong,1976,0.0,0.0,0,0,0.0
Hong Kong,1980,0.0,0.0,0,0,0.0
Hong Kong,1984,0.0,0.0,0,0,0.0
Hong Kong,1988,0.0,0.0,0,0,0.0
Hong Kong,1992,0.0,0.0,0,0,0.0
Hong Kong,1996,1.0,1.0,0,0,0.0
Hong Kong,2000,0.0,0.0,0,0,0.0
Hong Kong,2004,0.0,1.0,0,0,0.0
Hong Kong,2008,0.0,0.0,0,0,0.0
Hong Kong,2012,0.0,1.0,0,0,0.0
Hong Kong,2016,0.0,0.0,0,0,0.0
Hong Kong,2020,1.0,6.0,0,0,0.0
Hong Kong,2024,2.0,4.0,0,0,0.0
Hungary,1952,16.0,42.0,0,0,0.0
Hungary,1956,9.0,26.0,0,0,0.0
Hungary,1960,6.0,21.0,0,0,0.0
Hungary,1964,10.0,22.0,0,0,0.0
Hungary,1968,10.0,32.0,0,0,0.0
Hungary,1972,6.0,35.0,0,0,0.0
Hungary,1976,4.0,22.0,0,0,0.0
Hungary,1980,7.0,32.0,0,0,0.0
Hungary,1984,0.0,0.0,0,0,0.0
Hungary,1988,11.0,23.0,0,0,0.0
Hungary,1992,11.0,30.0,0,0,0.0
Hungary,1996,7.0,21.0,0,0,0.0
Hungary,2000,8.0,17.0,0,0,0.0
Hungary,2004,8.0,17.0,0,0,0.0
Hungary,2008,3.0,10.0,0,0,0.0
Hungary,2012,8.0,18.0,0,0,0.0
Hungary,2016,8.0,15.0,0,0,0.0
Hungary,2020,6.0,20.0,0,0,0.0
Hungary,2024,6.0,19.0,0,0,0.0
India,1952,1.0,2.0,0,0,0.0
India,1956,1.0,1.0,0,0,0.0
India,1960,0.0,1.0,0,0,0.0
India,1964,1.0,1.0,0,0,0.0
India,1968,0.0,1.0,0,0,0.0
India,1972,0.0,1.0,0,0,0.0
India,1976,0.0,0.0,0,0,0.0
India,1980,1.0,1.0,0,0,0.0
India,1984,0.0,0.0,0,0,0.0
India,1988,0.0,0.0,0,0,0.0
India,1992,0.0,0.0,0,0,0.0
India,1996,0.0,1.0,0,0,0.0
India,2000,0.0,1.0,0,0,0.0
India,2004,0.0,1.0,0,0,0.0
India,2008,1.0,3.0,0,0,0.0
India,2012,0.0,6.0,0,0,0.0
India,2016,0.0,2.0,0,0,0.0
India,2020,1.0,7.0,0,0,0.0
India,2024,0.0,6.0,0,0,0.0
Indonesia,1952,0.0,0.0,0,0,0.0
Indonesia,1956,0.0,0.0,0,0,0.0
Indonesia,1960,0.0,0.0,0,0,0.0
Indonesia,1964,0.0,0.0,0,0,0.0
Indonesia,1968,0.0,0.0,0,0,0.0
Indonesia,1972,0.0,0.0,0,0,0.0
Indonesia,1976,0.0,0.0,0,0,0.0
Indonesia,1980,0.0,0.0,0,0,0.0
Indonesia,1984,0.0,0.0,0,0,0.0
Indonesia,1988,0.0,1.0,0,0,0.0
Indonesia,1992,2.0,5.0,0,0,0.0
Indonesia,1996,1.0,4.0,0,0,0.0
Indonesia,2000,1.0,6.0,0,0,0.0
Indonesia,2004,1.0,4.0,0,0,0.0
Indonesia,2008,1.0,6.0,0,0,0.0
Indonesia,2012,0.0,3.0,0,0,0.0
Indonesia,2016,1.0,3.0,0,0,0.0
Indonesia,2020,1.0,5.0,0,0,0.0
Indonesia,2024,2.0,3.0,0,0,0.0
Iran,1952,0.0,7.0,0,0,0.0
Iran,1956,2.0,5.0,0,0,0.0
Iran,1960,0.0,4.0,0,0,0.0
Iran,1964,0.0,2.0,0,0,0.0
Iran,1968,2.0,5.0,0,0,0.0
Iran,1972,0.0,3.0,0,0,0.0
Iran,1976,0.0,2.0,0,0,0.0
Iran,1980,0.0,0.0,0,0,0.0
Iran,1984,0.0,0.0,0,0,0.0
Iran,1988,0.0,1.0,0,0,0.0
Iran,1992,0.0,3.0,0,0,0.0
Iran,1996,1.0,3.0,0,0,0.0
Iran,2000,3.0,4.0,0,0,0.0
Iran,2004,2.0,6.0,0,0,0.0
Iran,2008,1.0,2.0,0,0,0.0
Iran,2012,7.0,13.0,0,0,0.0
Iran,2016,3.0,8.0,0,0,0.0
Iran,2020,3.0,7.0,0,0,0.0
Iran,2024,3.0,12.0,0,0,0.0
Ireland,1952,0.0,1.0,0,0,0.0
Ireland,1956,1.0,5.0,0,0,0.0
Ireland,1960,0.0,0.0,0,0,0.0
Ireland,1964,0.0,1.0,0,0,0.0
Ireland,1968,0.0,0.0,0,0,0.0
Ireland,1972,0.0,0.0,0,0,0.0
Ireland,1976,0.0,0.0,0,0,0.0
Ireland,1980,0.0,2.0,0,0,0.0
Ireland,1984,0.0,1.0,0,0,0.0
Ireland,1988,0.0,0.0,0,0,0.0
Ireland,1992,1.0,2.0,0,0,0.0
Ireland,1996,3.0,4.0,0,0,0.0
Ireland,2000,0.0,1.0,0,0,0.0
Ireland,2004,0.0,0.0,0,0,0.0
Ireland,2008,0.0,3.0,0,0,0.0
Ireland,2012,1.0,6.0,0,0,0.0
Ireland,2016,0.0,2.0,0,0,0.0
Ireland,2020,2.0,4.0,0,0,0.0
Ireland,2024,4.0,7.0,0,0,0.0
Israel,1952,0.0,0.0,0,0,0.0
Israel,1956,0.0,0.0,0,0,0.0
Israel,1960,0.0,0.0,0,0,0.0
Israel,1964,0.0,0.0,0,0,0.0
Israel,1968,0.0,0.0,0,0,0.0
Israel,1972,0.0,0.0,0,0,0.0
Israel,1976,0.0,0.0,0,0,0.0
Israel,1980,0.0,0.0,0,0,0.0
Israel,1984,0.0,0.0,0,0,0.0
Israel,1988,0.0,0.0,0,0,0.0
Israel,1992,0.0,2.0,0,0,0.0
Israel,1996,0.0,1.0,0,0,0.0
Israel,2000,0.0,1.0,0,0,0.0
Israel,2004,1.0,2.0,0,0,0.0
Israel,2008,0.0,1.0,0,0,0.0
Israel,2012,0.0,0.0,0,0,0.0
Israel,2016,0.0,2.0,0,0,0.0
Israel,2020,2.0,4.0,0,0,0.0
Israel,2024,1.0,7.0,0,0,0.0
Italy,1952,8.0,21.0,0,1,0.0
Italy,1956,8.0,25.0,0,1,0.0
Italy,1960,13.0,36.0,1,1,0.0
Italy,1964,10.0,27.0,0,0,0.659574
Italy,1968,3.0,16.0,0,0,0.625
Italy,1972,5.0,18.0,0,0,0.700935
Italy,1976,2.0,13.0,0,0,0.741071
Italy,1980,8.0,15.0,0,0,0.824561
Italy,1984,14.0,32.0,0,0,0.811475
Italy,1988,6.0,14.0,0,0,0.720588
Italy,1992,6.0,19.0,0,0,0.739437
Italy,1996,13.0,35.0,0,0,0.756757
Italy,2000,13.0,34.0,0,0,0.695652
Italy,2004,10.0,32.0,0,0,0.643678
Italy,2008,8.0,27.0,0,0,0.625
Italy,2012,8.0,28.0,0,0,0.625
Italy,2016,8.0,28.0,0,0,0.625
Italy,2020,10.0,40.0,0,0,0.625
Italy,2024,12.0,40.0,0,0,0.610092
Jamaica,1952,2.0,5.0,0,0,0.0
Jamaica,1956,0.0,0.0,0,0,0.0
Jamaica,1960,0.0,0.0,0,0,0.0
Jamaica,1964,0.0,0.0,0,0,0.0
Jamaica,1968,0.0,1.0,0,0,0.0
Jamaica,1972,0.0,1.0,0,0,0.0
Jamaica,1976,1.0,2.0,0,0,0.0
Jamaica,1980,0.0,3.0,0,0,0.0
Jamaica,1984,0.0,3.0,0,0,0.0
Jamaica,1988,0.0,2.0,0,0,0.0
Jamaica,1992,0.0,4.0,0,0,0.0
Jamaica,1996,1.0,6.0,0,0,0.0
Jamaica,2000,0.0,9.0,0,0,0.0
Jamaica,2004,2.0,5.0,0,0,0.0
Jamaica,2008,5.0,11.0,0,0,0.0
Jamaica,2012,4.0,13.0,0,0,0.0
Jamaica,2016,6.0,11.0,0,0,0.0
Jamaica,2020,4.0,9.0,0,0,0.0
Jamaica,2024,1.0,6.0,0,0,0.0
Japan,1952,1.0,9.0,0,0,0.0
Japan,1956,4.0,19.0,0,1,0.0
Japan,1960,4.0,18.0,0,1,0.0
Japan,1964,16.0,29.0,1,1,0.0
Japan,1968,11.0,25.0,0,0,2.6
Japan,1972,13.0,29.0,0,0,2.137255
Japan,1976,9.0,25.0,0,0,1.75
Japan,1980,0.0,0.0,0,0,1.630137
Japan,1984,10.0,32.0,0,0,1.630137
Japan,1988,4.0,14.0,0,0,1.506024
Japan,1992,3.0,22.0,0,0,1.574713
Japan,1996,3.0,14.0,0,0,1.666667
Japan,2000,5.0,18.0,0,0,1.752688
Japan,2004,16.0,37.0,0,0,1.77551
Japan,2008,9.0,25.0,0,0,1.526316
Japan,2012,7.0,38.0,0,1,1.471545
Japan,2016,12.0,41.0,0,1,1.461538
Japan,2020,27.0,58.0,1,1,1.366197
Japan,2024,20.0,45.0,0,0,1.798817
Kazakhstan,1952,0.0,0.0,0,0,0.0
Kazakhstan,1956,0.0,0.0,0,0,0.0
Kazakhstan,1960,0.0,0.0,0,0,0.0
Kazakhstan,1964,0.0,0.0,0,0,0.0
Kazakhstan,1968,0.0,0.0,0,0,0.0
Kazakhstan,1972,0.0,0.0,0,0,0.0
Kazakhstan,1976,0.0,0.0,0,0,0.0
Kazakhstan,1980,0.0,0.0,0,0,0.0
Kazakhstan,1984,0.0,0.0,0,0,0.0
Kazakhstan,1988,0.0,0.0,0,0,0.0
Kazakhstan,1992,0.0,0.0,0,0,0.0
Kazakhstan,1996,3.0,11.0,0,0,0.0
Kazakhstan,2000,3.0,7.0,0,0,0.0
Kazakhstan,2004,1.0,8.0,0,0,0.0
Kazakhstan,2008,2.0,9.0,0,0,0.0
Kazakhstan,2012,3.0,11.0,0,0,0.0
Kazakhstan,2016,2.0,17.0,0,0,0.0
Kazakhstan,2020,0.0,8.0,0,0,0.0
Kazakhstan,2024,1.0,7.0,0,0,0.0
Kenya,1952,0.0,0.0,0,0,0.0
Kenya,1956,0.0,0.0,0,0,0.0
Kenya,1960,0.0,0.0,0,0,0.0
Kenya,1964,0.0,1.0,0,0,0.0
Kenya,1968,3.0,9.0,0,0,0.0
Kenya,1972,2.0,9.0,0,0,0.0
Kenya,1976,0.0,0.0,0,0,0.0
Kenya,1980,0.0,0.0,0,0,0.0
Kenya,1984,1.0,3.0,0,0,0.0
Kenya,1988,5.0,9.0,0,0,0.0
Kenya,1992,2.0,8.0,0,0,0.0
Kenya,1996,1.0,8.0,0,0,0.0
Kenya,2000,2.0,7.0,0,0,0.0
Kenya,2004,1.0,7.0,0,0,0.0
Kenya,2008,6.0,16.0,0,0,0.0
Kenya,2012,2.0,13.0,0,0,0.0
Kenya,2016,6.0,13.0,0,0,0.0
Kenya,2020,4.0,10.0,0,0,0.0
Kenya,2024,4.0,11.0,0,0,0.0
Latvia,1952,0.0,0.0,0,0,0.0
Latvia,1956,0.0,0.0,0,0,0.0
Latvia,1960,0.0,0.0,0,0,0.0
Latvia,1964,0.0,0.0,0,0,0.0
Latvia,1968,0.0,0.0,0,0,0.0
Latvia,1972,0.0,0.0,0,0,0.0
Latvia,1976,0.0,0.0,0,0,0.0
Latvia,1980,0.0,0.0,0,0,0.0
Latvia,1984,0.0,0.0,0,0,0.0
Latvia,1988,0.0,0.0,0,0,0.0
Latvia,1992,0.0,3.0,0,0,0.0
Latvia,1996,0.0,1.0,0,0,0.0
Latvia,2000,1.0,3.0,0,0,0.0
Latvia,2004,0.0,4.0,0,0,0.0
Latvia,2008,1.0,3.0,0,0,0.0
Latvia,2012,1.0,2.0,0,0,0.0
Latvia,2016,0.0,0.0,0,0,0.0
Latvia,2020,1.0,2.0,0,0,0.0
Latvia,2024,0.0,0.0,0,0,0.0
Lithuania,1952,0.0,0.0,0,0,0.0
Lithuania,1956,0.0,0.0,0,0,0.0
Lithuania,1960,0.0,0.0,0,0,0.0
Lithuania,1964,0.0,0.0,0,0,0.0
Lithuania,1968,0.0,0.0,0,0,0.0
Lithuania,1972,0.0,0.0,0,0,0.0
Lithuania,1976,0.0,0.0,0,0,0.0
Lithuania,1980,0.0,0.0,0,0,0.0
Lithuania,1984,0.0,0.0,0,0,0.0
Lithuania,1988,0.0,0.0,0,0,0.0
Lithuania,1992,1.0,2.0,0,0,0.0
Lithuania,1996,0.0,1.0,0,0,0.0
Lithuania,2000,2.0,5.0,0,0,0.0
Lithuania,2004,1.0,3.0,0,0,0.0
Lithuania,2008,0.0,5.0,0,0,0.0
Lithuania,2012,2.0,5.0,0,0,0.0
Lithuania,2016,0.0,4.0,0,0,0.0
Lithuania,2020,0.0,1.0,0,0,0.0
Lithuania,2024,0.0,4.0,0,0,0.0
Malaysia,1952,0.0,0.0,0,0,0.0
Malaysia,1956,0.0,0.0,0,0,0.0
Malaysia,1960,0.0,0.0,0,0,0.0
Malaysia,1964,0.0,0.0,0,0,0.0
Malaysia,1968,0.0,0.0,0,0,0.0
Malaysia,1972,0.0,0.0,0,0,0.0
Malaysia,1976,0.0,0.0,0,0,0.0
Malaysia,1980,0.0,0.0,0,0,0.0
Malaysia,1984,0.0,0.0,0,0,0.0
Malaysia,1988,0.0,0.0,0,0,0.0
Malaysia,1992,0.0,1.0,0,0,0.0
Malaysia,1996,0.0,2.0,0,0,0.0
Malaysia,2000,0.0,0.0,0,0,0.0
Malaysia,2004,0.0,0.0,0,0,0.0
Malaysia,2008,0.0,1.0,0,0,0.0
Malaysia,2012,0.0,2.0,0,0,0.0
Malaysia,2016,0.0,5.0,0,0,0.0
Malaysia,2020,0.0,2.0,0,0,0.0
Malaysia,2024,0.0,2.0,0,0,0.0
Mexico,1952,0.0,1.0,0,0,0.0
Mexico,1956,1.0,2.0,0,0,0.0
Mexico,1960,0.0,1.0,0,1,0.0
Mexico,1964,0.0,1.0,0,1,0.0
Mexico,1968,3.0,9.0,1,1,0.0
Mexico,1972,0.0,1.0,0,0,3.0
Mexico,1976,1.0,2.0,0,0,3.5
Mexico,1980,0.0,4.0,0,0,3.285714
Mexico,1984,2.0,6.0,0,0,3.714286
Mexico,1988,0.0,2.0,0,0,3.0
Mexico,1992,0.0,1.0,0,0,3.333333
Mexico,1996,0.0,1.0,0,0,3.666667
Mexico,2000,1.0,6.0,0,0,4.0
Mexico,2004,0.0,4.0,0,0,3.8
Mexico,2008,2.0,4.0,0,0,4.1
Mexico,2012,1.0,8.0,0,0,3.5
Mexico,2016,0.0,5.0,0,0,3.384615
Mexico,2020,0.0,4.0,0,0,3.615385
Mexico,2024,0.0,5.0,0,0,3.846154
Moldova,1952,0.0,0.0,0,0,0.0
Moldova,1956,0.0,0.0,0,0,0.0
Moldova,1960,0.0,0.0,0,0,0.0
Moldova,1964,0.0,0.0,0,0,0.0
Moldova,1968,0.0,0.0,0,0,0.0
Moldova,1972,0.0,0.0,0,0,0.0
Moldova,1976,0.0,0.0,0,0,0.0
Moldova,1980,0.0,0.0,0,0,0.0
Moldova,1984,0.0,0.0,0,0,0.0
Moldova,1988,0.0,0.0,0,0,0.0
Moldova,1992,0.0,0.0,0,0,0.0
Moldova,1996,0.0,2.0,0,0,0.0
Moldova,2000,0.0,2.0,0,0,0.0
Moldova,2004,0.0,0.0,0,0,0.0
Moldova,2008,0.0,1.0,0,0,0.0
Moldova,2012,0.0,0.0,0,0,0.0
Moldova,2016,0.0,0.0,0,0,0.0
Moldova,2020,0.0,1.0,0,0,0.0
Moldova,2024,0.0,4.0,0,0,0.0
Mongolia,1952,0.0,0.0,0,0,0.0
Mongolia,1956,0.0,0.0,0,0,0.0
Mongolia,1960,0.0,0.0,0,0,0.0
Mongolia,1964,0.0,0.0,0,0,0.0
Mongolia,1968,0.0,4.0,0,0,0.0
Mongolia,1972,0.0,1.0,0,0,0.0
Mongolia,1976,0.0,1.0,0,0,0.0
Mongolia,1980,0.0,4.0,0,0,0.0
Mongolia,1984,0.0,0.0,0,0,0.0
Mongolia,1988,0.0,1.0,0,0,0.0
Mongolia,1992,0.0,2.0,0,0,0.0
Mongolia,1996,0.0,1.0,0,0,0.0
Mongolia,2000,0.0,0.0,0,0,0.0
Mongolia,2004,0.0,1.0,0,0,0.0
Mongolia,2008,2.0,4.0,0,0,0.0
Mongolia,2012,0.0,5.0,0,0,0.0
Mongolia,2016,0.0,2.0,0,0,0.0
Mongolia,2020,0.0,4.0,0,0,0.0
Mongolia,2024,0.0,1.0,0,0,0.0
Morocco,1952,0.0,0.0,0,0,0.0
Morocco,1956,0.0,0.0,0,0,0.0
Morocco,1960,0.0,1.0,0,0,0.0
Morocco,1964,0.0,0.0,0,0,0.0
Morocco,1968,0.0,0.0,0,0,0.0
Morocco,1972,0.0,0.0,0,0,0.0
Morocco,1976,0.0,0.0,0,0,0.0
Morocco,1980,0.0,0.0,0,0,0.0
Morocco,1984,2.0,2.0,0,0,0.0
Morocco,1988,1.0,3.0,0,0,0.0
Morocco,1992,1.0,3.0,0,0,0.0
Morocco,1996,0.0,2.0,0,0,0.0
Morocco,2000,0.0,5.0,0,0,0.0
Morocco,2004,2.0,3.0,0,0,0.0
Morocco,2008,0.0,2.0,0,0,0.0
Morocco,2012,0.0,1.0,0,0,0.0
Morocco,2016,0.0,1.0,0,0,0.0
Morocco,2020,1.0,1.0,0,0,0.0
Morocco,2024,1.0,2.0,0,0,0.0
Netherlands,1952,0.0,5.0,0,0,1.0
Netherlands,1956,0.0,0.0,0,0,1.222222
Netherlands,1960,0.0,3.0,0,0,1.222222
Netherlands,1964,2.0,10.0,0,0,1.444444
Netherlands,1968,3.0,7.0,0,0,1.482759
Netherlands,1972,3.0,5.0,0,0,1.4375
Netherlands,1976,0.0,5.0,0,0,1.4
Netherlands,1980,0.0,3.0,0,0,1.571429
Netherlands,1984,5.0,13.0,0,0,1.742857
Netherlands,1988,2.0,9.0,0,0,1.55
Netherlands,1992,2.0,15.0,0,0,1.571429
Netherlands,1996,4.0,19.0,0,0,1.590909
Netherlands,2000,12.0,25.0,0,0,1.5
Netherlands,2004,4.0,22.0,0,0,1.1
Netherlands,2008,7.0,16.0,0,0,1.0625
Netherlands,2012,6.0,20.0,0,0,0.943662
Netherlands,2016,8.0,19.0,0,0,0.87013
Netherlands,2020,10.0,36.0,0,0,0.764706
Netherlands,2024,15.0,34.0,0,0,0.642105
New Zealand,1952,1.0,3.0,0,0,0.0
New Zealand,1956,2.0,2.0,0,0,0.0
New Zealand,1960,2.0,3.0,0,0,0.0
New Zealand,1964,3.0,5.0,0,0,0.0
New Zealand,1968,1.0,3.0,0,0,0.0
New Zealand,1972,1.0,3.0,0,0,0.0
New Zealand,1976,2.0,4.0,0,0,0.0
New Zealand,1980,0.0,0.0,0,0,0.0
New Zealand,1984,8.0,11.0,0,0,0.0
New Zealand,1988,3.0,13.0,0,0,0.0
New Zealand,1992,1.0,10.0,0,0,0.0
New Zealand,1996,3.0,6.0,0,0,0.0
New Zealand,2000,1.0,4.0,0,0,0.0
New Zealand,2004,3.0,5.0,0,0,0.0
New Zealand,2008,3.0,9.0,0,0,0.0
New Zealand,2012,6.0,13.0,0,0,0.0
New Zealand,2016,4.0,18.0,0,0,0.0
New Zealand,2020,7.0,20.0,0,0,0.0
New Zealand,2024,10.0,20.0,0,0,0.0
Nigeria,1952,0.0,0.0,0,0,0.0
Nigeria,1956,0.0,0.0,0,0,0.0
Nigeria,1960,0.0,0.0,0,0,0.0
Nigeria,1964,0.0,1.0,0,0,0.0
Nigeria,1968,0.0,0.0,0,0,0.0
Nigeria,1972,0.0,1.0,0,0,0.0
Nigeria,1976,0.0,0.0,0,0,0.0
Nigeria,1980,0.0,0.0,0,0,0.0
Nigeria,1984,0.0,2.0,0,0,0.0
Nigeria,1988,0.0,0.0,0,0,0.0
Nigeria,1992,0.0,4.0,0,0,0.0
Nigeria,1996,2.0,6.0,0,0,0.0
Nigeria,2000,1.0,3.0,0,0,0.0
Nigeria,2004,0.0,2.0,0,0,0.0
Nigeria,2008,0.0,5.0,0,0,0.0
Nigeria,2012,0.0,0.0,0,0,0.0
Nigeria,2016,0.0,1.0,0,0,0.0
Nigeria,2020,0.0,2.0,0,0,0.0
Nigeria,2024,0.0,0.0,0,0,0.0
North Korea,1952,0.0,0.0,0,0,0.0
North Korea,1956,0.0,0.0,0,0,0.0
North Korea,1960,0.0,0.0,0,0,0.0
North Korea,1964,0.0,0.0,0,0,0.0
North Korea,1968,0.0,0.0,0,0,0.0
North Korea,1972,1.0,5.0,0,0,0.0
North Korea,1976,1.0,2.0,0,0,0.0
North Korea,1980,0.0,5.0,0,0,0.0
North Korea,1984,0.0,0.0,0,0,0.0
North Korea,1988,0.0,0.0,0,0,0.0
North Korea,1992,4.0,9.0,0,0,0.0
North Korea,1996,2.0,5.0,0,0,0.0
North Korea,2000,0.0,4.0,0,0,0.0
North Korea,2004,0.0,5.0,0,0,0.0
North Korea,2008,2.0,6.0,0,0,0.0
North Korea,2012,4.0,6.0,0,0,0.0
North Korea,2016,2.0,7.0,0,0,0.0
North Korea,2020,0.0,0.0,0,0,0.0
North Korea,2024,0.0,6.0,0,0,0.0
Norway,1952,3.0,5.0,0,0,0.0
Norway,1956,1.0,3.0,0,0,0.0
Norway,1960,1.0,1.0,0,0,0.0
Norway,1964,0.0,0.0,0,0,0.0
Norway,1968,1.0,2.0,0,0,0.0
Norway,1972,2.0,4.0,0,0,0.0
Norway,1976,1.0,2.0,0,0,0.0
Norway,1980,0.0,0.0,0,0,0.0
Norway,1984,0.0,3.0,0,0,0.0
Norway,1988,2.0,5.0,0,0,0.0
Norway,1992,2.0,7.0,0,0,0.0
Norway,1996,2.0,7.0,0,0,0.0
Norway,2000,4.0,10.0,0,0,0.0
Norway,2004,5.0,6.0,0,0,0.0
Norway,2008,3.0,9.0,0,0,0.0
Norway,2012,2.0,4.0,0,0,0.0
Norway,2016,0.0,4.0,0,0,0.0
Norway,2020,4.0,8.0,0,0,0.0
Norway,2024,4.0,8.0,0,0,0.0
Pakistan,1952,0.0,0.0,0,0,0.0
Pakistan,1956,0.0,1.0,0,0,0.0
Pakistan,1960,1.0,2.0,0,0,0.0
Pakistan,1964,0.0,1.0,0,0,0.0
Pakistan,1968,1.0,1.0,0,0,0.0
Pakistan,1972,0.0,1.0,0,0,0.0
Pakistan,1976,0.0,1.0,0,0,0.0
Pakistan,1980,0.0,0.0,0,0,0.0
Pakistan,1984,1.0,1.0,0,0,0.0
Pakistan,1988,0.0,1.0,0,0,0.0
Pakistan,1992,0.0,1.0,0,0,0.0
Pakistan,1996,0.0,0.0,0,0,0.0
Pakistan,2000,0.0,0.0,0,0,0.0
Pakistan,2004,0.0,0.0,0,0,0.0
Pakistan,2008,0.0,0.0,0,0,0.0
Pakistan,2012,0.0,0.0,0,0,0.0
Pakistan,2016,0.0,0.0,0,0,0.0
Pakistan,2020,0.0,0.0,0,0,0.0
Pakistan,2024,1.0,1.0,0,0,0.0
Philippines,1952,0.0,0.0,0,0,0.0
Philippines,1956,0.0,0.0,0,0,0.0
Philippines,1960,0.0,0.0,0,0,0.0
Philippines,1964,0.0,1.0,0,0,0.0
Philippines,1968,0.0,0.0,0,0,0.0
Philippines,1972,0.0,0.0,0,0,0.0
Philippines,1976,0.0,0.0,0,0,0.0
Philippines,1980,0.0,0.0,0,0,0.0
Philippines,1984,0.0,0.0,0,0,0.0
Philippines,1988,0.0,1.0,0,0,0.0
Philippines,1992,0.0,1.0,0,0,0.0
Philippines,1996,0.0,1.0,0,0,0.0
Philippines,2000,0.0,0.0,0,0,0.0
Philippines,2004,0.0,0.0,0,0,0.0
Philippines,2008,0.0,0.0,0,0,0.0
Philippines,2012,0.0,0.0,0,0,0.0
Philippines,2016,0.0,1.0,0,0,0.0
Philippines,2020,1.0,4.0,0,0,0.0
Philippines,2024,2.0,4.0,0,0,0.0
Poland,1952,1.0,4.0,0,0,0.0
Poland,1956,1.0,9.0,0,0,0.0
Poland,1960,4.0,21.0,0,0,0.0
Poland,1964,7.0,23.0,0,0,0.0
Poland,1968,5.0,18.0,0,0,0.0
Poland,1972,7.0,21.0,0,0,0.0
Poland,1976,7.0,26.0,0,0,0.0
Poland,1980,3.0,32.0,0,0,0.0
Poland,1984,0.0,0.0,0,0,0.0
Poland,1988,2.0,16.0,0,0,0.0
Poland,1992,3.0,19.0,0,0,0.0
Poland,1996,7.0,17.0,0,0,0.0
Poland,2000,6.0,14.0,0,0,0.0
Poland,2004,3.0,10.0,0,0,0.0
Poland,2008,4.0,11.0,0,0,0.0
Poland,2012,3.0,11.0,0,0,0.0
Poland,2016,2.0,11.0,0,0,0.0
Poland,2020,4.0,14.0,0,0,0.0
Poland,2024,1.0,10.0,0,0,0.0
Portugal,1952,0.0,1.0,0,0,0.0
Portugal,1956,0.0,0.0,0,0,0.0
Portugal,1960,0.0,1.0,0,0,0.0
Portugal,1964,0.0,0.0,0,0,0.0
Portugal,1968,0.0,0.0,0,0,0.0
Portugal,1972,0.0,0.0,0,0,0.0
Portugal,1976,0.0,2.0,0,0,0.0
Portugal,1980,0.0,0.0,0,0,0.0
Portugal,1984,1.0,3.0,0,0,0.0
Portugal,1988,1.0,1.0,0,0,0.0
Portugal,1992,0.0,0.0,0,0,0.0
Portugal,1996,1.0,2.0,0,0,0.0
Portugal,2000,0.0,2.0,0,0,0.0
Portugal,2004,0.0,3.0,0,0,0.0
Portugal,2008,1.0,2.0,0,0,0.0
Portugal,2012,0.0,1.0,0,0,0.0
Portugal,2016,0.0,1.0,0,0,0.0
Portugal,2020,1.0,4.0,0,0,0.0
Portugal,2024,1.0,4.0,0,0,0.0
Puerto Rico,1952,0.0,0.0,0,0,0.0
Puerto Rico,1956,0.0,0.0,0,0,0.0
Puerto Rico,1960,0.0,0.0,0,0,0.0
Puerto Rico,1964,0.0,0.0,0,0,0.0
Puerto Rico,1968,0.0,0.0,0,0,0.0
Puerto Rico,1972,0.0,0.0,0,0,0.0
Puerto Rico,1976,0.0,1.0,0,0,0.0
Puerto Rico,1980,0.0,0.0,0,0,0.0
Puerto Rico,1984,0.0,2.0,0,0,0.0
Puerto Rico,1988,0.0,0.0,0,0,0.0
Puerto Rico,1992,0.0,1.0,0,0,0.0
Puerto Rico,1996,0.0,1.0,0,0,0.0
Puerto Rico,2000,0.0,0.0,0,0,0.0
Puerto Rico,2004,0.0,0.0,0,0,0.0
Puerto Rico,2008,0.0,0.0,0,0,0.0
Puerto Rico,2012,0.0,2.0,0,0,0.0
Puerto Rico,2016,1.0,1.0,0,0,0.0
Puerto Rico,2020,1.0,1.0,0,0,0.0
Puerto Rico,2024,0.0,2.0,0,0,0.0
Qatar,1952,0.0,0.0,0,0,0.0
Qatar,1956,0.0,0.0,0,0,0.0
Qatar,1960,0.0,0.0,0,0,0.0
Qatar,1964,0.0,0.0,0,0,0.0
Qatar,1968,0.0,0.0,0,0,0.0
Qatar,1972,0.0,0.0,0,0,0.0
Qatar,1976,0.0,0.0,0,0,0.0
Qatar,1980,0.0,0.0,0,0,0.0
Qatar,1984,0.0,0.0,0,0,0.0
Qatar,1988,0.0,0.0,0,0,0.0
Qatar,1992,0.0,1.0,0,0,0.0
Qatar,1996,0.0,0.0,0,0,0.0
Qatar,2000,0.0,1.0,0,0,0.0
Qatar,2004,0.0,0.0,0,0,0.0
Qatar,2008,0.0,0.0,0,0,0.0
Qatar,2012,0.0,2.0,0,0,0.0
Qatar,2016,0.0,1.0,0,0,0.0
Qatar,2020,2.0,3.0,0,0,0.0
Qatar,2024,0.0,1.0,0,0,0.0
Romania,1952,1.0,4.0,0,0,0.0
Romania,1956,5.0,13.0,0,0,0.0
Romania,1960,3.0,10.0,0,0,0.0
Romania,1964,2.0,12.0,0,0,0.0
Romania,1968,4.0,15.0,0,0,0.0
Romania,1972,3.0,16.0,0,0,0.0
Romania,1976,4.0,27.0,0,0,0.0
Romania,1980,6.0,25.0,0,0,0.0
Romania,1984,20.0,53.0,0,0,0.0
Romania,1988,7.0,24.0,0,0,0.0
Romania,1992,4.0,18.0,0,0,0.0
Romania,1996,4.0,20.0,0,0,0.0
Romania,2000,11.0,26.0,0,0,0.0
Romania,2004,8.0,19.0,0,0,0.0
Romania,2008,4.0,9.0,0,0,0.0
Romania,2012,2.0,7.0,0,0,0.0
Romania,2016,1.0,4.0,0,0,0.0
Romania,2020,1.0,4.0,0,0,0.0
Romania,2024,3.0,9.0,0,0,0.0
Russia,1952,22.0,71.0,0,0,0.0
Russia,1956,37.0,98.0,0,0,0.0
Russia,1960,43.0,103.0,0,0,0.0
Russia,1964,30.0,96.0,0,0,0.0
Russia,1968,29.0,91.0,0,0,0.0
Russia,1972,50.0,99.0,0,1,0.0
Russia,1976,49.0,125.0,0,1,0.0
Russia,1980,80.0,195.0,1,1,0.0
Russia,1984,0.0,0.0,0,0,0.882353
Russia,1988,55.0,132.0,0,0,0.882353
Russia,1992,45.0,112.0,0,0,0.822785
Russia,1996,26.0,63.0,0,0,0.818182
Russia,2000,32.0,89.0,0,0,0.888412
Russia,2004,28.0,90.0,0,0,0.927711
Russia,2008,24.0,60.0,0,0,0.977186
Russia,2012,18.0,65.0,0,0,1.036364
Russia,2016,19.0,56.0,0,0,1.112676
Russia,2020,20.0,71.0,0,0,1.180579
Russia,2024,0.0,0.0,0,0,1.240527
Serbia,1952,1.0,3.0,0,0,0.0
Serbia,1956,0.0,3.0,0,0,0.0
Serbia,1960,1.0,2.0,0,0,0.0
Serbia,1964,2.0,5.0,0,0,0.0
Serbia,1968,3.0,8.0,0,0,0.0
Serbia,1972,2.0,5.0,0,0,0.0
Serbia,1976,2.0,8.0,0,0,0.0
Serbia,1980,2.0,9.0,0,0,0.0
Serbia,1984,7.0,18.0,0,0,0.0
Serbia,1988,3.0,12.0,0,0,0.0
Serbia,1992,0.0,0.0,0,0,0.0
Serbia,1996,1.0,4.0,0,0,0.0
Serbia,2000,1.0,3.0,0,0,0.0
Serbia,2004,0.0,2.0,0,0,0.0
Serbia,2008,0.0,3.0,0,0,0.0
Serbia,2012,1.0,4.0,0,0,0.0
Serbia,2016,2.0,8.0,0,0,0.0
Serbia,2020,3.0,9.0,0,0,0.0
Serbia,2024,3.0,5.0,0,0,0.0
Singapore,1952,0.0,0.0,0,0,0.0
Singapore,1956,0.0,0.0,0,0,0.0
Singapore,1960,0.0,1.0,0,0,0.0
Singapore,1964,0.0,0.0,0,0,0.0
Singapore,1968,0.0,0.0,0,0,0.0
Singapore,1972,0.0,0.0,0,0,0.0
Singapore,1976,0.0,0.0,0,0,0.0
Singapore,1980,0.0,0.0,0,0,0.0
Singapore,1984,0.0,0.0,0,0,0.0
Singapore,1988,0.0,0.0,0,0,0.0
Singapore,1992,0.0,0.0,0,0,0.0
Singapore,1996,0.0,0.0,0,0,0.0
Singapore,2000,0.0,0.0,0,0,0.0
Singapore,2004,0.0,0.0,0,0,0.0
Singapore,2008,0.0,1.0,0,0,0.0
Singapore,2012,0.0,2.0,0,0,0.0
Singapore,2016,1.0,1.0,0,0,0.0
Singapore,2020,0.0,0.0,0,0,0.0
Singapore,2024,0.0,1.0,0,0,0.0
Slovakia,1952,0.0,0.0,0,0,0.0
Slovakia,1956,0.0,0.0,0,0,0.0
Slovakia,1960,0.0,0.0,0,0,0.0
Slovakia,1964,0.0,0.0,0,0,0.0
Slovakia,1968,0.0,0.0,0,0,0.0
Slovakia,1972,0.0,0.0,0,0,0.0
Slovakia,1976,0.0,0.0,0,0,0.0
Slovakia,1980,0.0,0.0,0,0,0.0
Slovakia,1984,0.0,0.0,0,0,0.0
Slovakia,1988,0.0,0.0,0,0,0.0
Slovakia,1992,0.0,0.0,0,0,0.0
Slovakia,1996,1.0,3.0,0,0,0.0
Slovakia,2000,1.0,5.0,0,0,0.0
Slovakia,2004,2.0,6.0,0,0,0.0
Slovakia,2008,3.0,6.0,0,0,0.0
Slovakia,2012,0.0,4.0,0,0,0.0
Slovakia,2016,2.0,4.0,0,0,0.0
Slovakia,2020,1.0,4.0,0,0,0.0
Slovakia,2024,0.0,1.0,0,0,0.0
Slovenia,1952,0.0,0.0,0,0,0.0
Slovenia,1956,0.0,0.0,0,0,0.0
Slovenia,1960,0.0,0.0,0,0,0.0
Slovenia,1964,0.0,0.0,0,0,0.0
Slovenia,1968,0.0,0.0,0,0,0.0
Slovenia,1972,0.0,0.0,0,0,0.0
Slovenia,1976,0.0,0.0,0,0,0.0
Slovenia,1980,0.0,0.0,0,0,0.0
Slovenia,1984,0.0,0.0,0,0,0.0
Slovenia,1988,0.0,0.0,0,0,0.0
Slovenia,1992,0.0,2.0,0,0,0.0
Slovenia,1996,0.0,2.0,0,0,0.0
Slovenia,2000,2.0,2.0,0,0,0.0
Slovenia,2004,0.0,4.0,0,0,0.0
Slovenia,2008,1.0,5.0,0,0,0.0
Slovenia,2012,1.0,4.0,0,0,0.0
Slovenia,2016,1.0,4.0,0,0,0.0
Slovenia,2020,3.0,5.0,0,0,0.0
Slovenia,2024,2.0,3.0,0,0,0.0
South Africa,1952,2.0,10.0,0,0,0.0
South Africa,1956,0.0,4.0,0,0,0.0
South Africa,1960,0.0,3.0,0,0,0.0
South Africa,1964,0.0,0.0,0,0,0.0
South Africa,1968,0.0,0.0,0,0,0.0
South Africa,1972,0.0,0.0,0,0,0.0
South Africa,1976,0.0,0.0,0,0,0.0
South Africa,1980,0.0,0.0,0,0,0.0
South Africa,1984,0.0,0.0,0,0,0.0
South Africa,1988,0.0,0.0,0,0,0.0
South Africa,1992,0.0,2.0,0,0,0.0
South Africa,1996,3.0,5.0,0,0,0.0
South Africa,2000,0.0,5.0,0,0,0.0
South Africa,2004,1.0,6.0,0,0,0.0
South Africa,2008,0.0,1.0,0,0,0.0
South Africa,2012,4.0,6.0,0,0,0.0
South Africa,2016,2.0,10.0,0,0,0.0
South Africa,2020,1.0,3.0,0,0,0.0
South Africa,2024,1.0,6.0,0,0,0.0
South Korea,1952,0.0,2.0,0,0,0.0
South Korea,1956,0.0,2.0,0,0,0.0
South Korea,1960,0.0,0.0,0,0,0.0
South Korea,1964,0.0,3.0,0,0,0.0
South Korea,1968,0.0,2.0,0,0,0.0
South Korea,1972,0.0,1.0,0,0,0.0
South Korea,1976,1.0,6.0,0,0,0.0
South Korea,1980,0.0,0.0,0,1,0.0
South Korea,1984,6.0,19.0,0,1,0.0
South Korea,1988,12.0,33.0,1,1,0.0
South Korea,1992,12.0,29.0,0,0,4.684211
South Korea,1996,7.0,27.0,0,0,2.870968
South Korea,2000,8.0,28.0,0,0,2.473684
South Korea,2004,9.0,30.0,0,0,2.130435
South Korea,2008,13.0,32.0,0,0,1.836364
South Korea,2012,13.0,31.0,0,0,1.470588
South Korea,2016,9.0,21.0,0,0,1.222222
South Korea,2020,6.0,20.0,0,0,1.133333
South Korea,2024,13.0,32.0,0,0,1.125
Spain,1952,0.0,1.0,0,0,0.0
Spain,1956,0.0,0.0,0,0,0.0
Spain,1960,0.0,1.0,0,0,0.0
Spain,1964,0.0,0.0,0,0,0.0
Spain,1968,0.0,0.0,0,0,0.0
Spain,1972,0.0,1.0,0,0,0.0
Spain,1976,0.0,2.0,0,0,0.0
Spain,1980,1.0,6.0,0,0,0.0
Spain,1984,1.0,5.0,0,1,0.0
Spain,1988,1.0,4.0,0,1,0.0
Spain,1992,13.0,22.0,1,1,0.0
Spain,1996,5.0,17.0,0,0,8.388889
Spain,2000,3.0,11.0,0,0,6.913043
Spain,2004,3.0,20.0,0,0,6.5
Spain,2008,5.0,19.0,0,0,6.172414
Spain,2012,4.0,20.0,0,0,5.5
Spain,2016,7.0,17.0,0,0,5.157895
Spain,2020,3.0,17.0,0,0,4.488889
Spain,2024,5.0,18.0,0,0,4.416667
Sweden,1952,12.0,35.0,0,0,1.225806
Sweden,1956,8.0,19.0,0,0,1.190476
Sweden,1960,1.0,6.0,0,0,1.238938
Sweden,1964,2.0,8.0,0,0,1.421053
Sweden,1968,2.0,4.0,0,0,1.577586
Sweden,1972,4.0,16.0,0,0,1.728814
Sweden,1976,4.0,5.0,0,0,1.827869
Sweden,1980,3.0,12.0,0,0,1.920635
Sweden,1984,2.0,19.0,0,0,2.031008
Sweden,1988,0.0,11.0,0,0,2.160305
Sweden,1992,1.0,12.0,0,0,2.335878
Sweden,1996,2.0,8.0,0,0,2.484848
Sweden,2000,4.0,12.0,0,0,2.604478
Sweden,2004,4.0,7.0,0,0,2.666667
Sweden,2008,0.0,5.0,0,0,2.725352
Sweden,2012,1.0,8.0,0,0,2.887324
Sweden,2016,2.0,11.0,0,0,3.020979
Sweden,2020,3.0,9.0,0,0,3.124138
Sweden,2024,4.0,11.0,0,0,3.195946
Switzerland,1952,2.0,14.0,0,0,0.0
Switzerland,1956,0.0,1.0,0,0,0.0
Switzerland,1960,0.0,6.0,0,0,0.0
Switzerland,1964,1.0,4.0,0,0,0.0
Switzerland,1968,0.0,5.0,0,0,0.0
Switzerland,1972,0.0,3.0,0,0,0.0
Switzerland,1976,1.0,4.0,0,0,0.0
Switzerland,1980,2.0,2.0,0,0,0.0
Switzerland,1984,0.0,8.0,0,0,0.0
Switzerland,1988,0.0,4.0,0,0,0.0
Switzerland,1992,1.0,1.0,0,0,0.0
Switzerland,1996,4.0,7.0,0,0,0.0
Switzerland,2000,1.0,9.0,0,0,0.0
Switzerland,2004,1.0,5.0,0,0,0.0
Switzerland,2008,2.0,7.0,0,0,0.0
Switzerland,2012,2.0,4.0,0,0,0.0
Switzerland,2016,3.0,7.0,0,0,0.0
Switzerland,2020,3.0,13.0,0,0,0.0
Switzerland,2024,1.0,8.0,0,0,0.0
Thailand,1952,0.0,0.0,0,0,0.0
Thailand,1956,0.0,0.0,0,0,0.0
Thailand,1960,0.0,0.0,0,0,0.0
Thailand,1964,0.0,0.0,0,0,0.0
Thailand,1968,0.0,0.0,0,0,0.0
Thailand,1972,0.0,0.0,0,0,0.0
Thailand,1976,0.0,1.0,0,0,0.0
Thailand,1980,0.0,0.0,0,0,0.0
Thailand,1984,0.0,1.0,0,0,0.0
Thailand,1988,0.0,1.0,0,0,0.0
Thailand,1992,0.0,1.0,0,0,0.0
Thailand,1996,1.0,2.0,0,0,0.0
Thailand,2000,1.0,3.0,0,0,0.0
Thailand,2004,3.0,8.0,0,0,0.0
Thailand,2008,2.0,6.0,0,0,0.0
Thailand,2012,0.0,4.0,0,0,0.0
Thailand,2016,2.0,6.0,0,0,0.0
Thailand,2020,1.0,2.0,0,0,0.0
Thailand,2024,1.0,6.0,0,0,0.0
Trinidad and Tobago,1952,0.0,2.0,0,0,0.0
Trinidad and Tobago,1956,0.0,0.0,0,0,0.0
Trinidad and Tobago,1960,0.0,0.0,0,0,0.0
Trinidad and Tobago,1964,0.0,3.0,0,0,0.0
Trinidad and Tobago,1968,0.0,0.0,0,0,0.0
Trinidad and Tobago,1972,0.0,0.0,0,0,0.0
Trinidad and Tobago,1976,1.0,1.0,0,0,0.0
Trinidad and Tobago,1980,0.0,0.0,0,0,0.0
Trinidad and Tobago,1984,0.0,0.0,0,0,0.0
Trinidad and Tobago,1988,0.0,0.0,0,0,0.0
Trinidad and Tobago,1992,0.0,0.0,0,0,0.0
Trinidad and Tobago,1996,0.0,2.0,0,0,0.0
Trinidad and Tobago,2000,0.0,2.0,0,0,0.0
Trinidad and Tobago,2004,0.0,1.0,0,0,0.0
Trinidad and Tobago,2008,1.0,2.0,0,0,0.0
Trinidad and Tobago,2012,1.0,4.0,0,0,0.0
Trinidad and Tobago,2016,0.0,1.0,0,0,0.0
Trinidad and Tobago,2020,0.0,0.0,0,0,0.0
Trinidad and Tobago,2024,0.0,0.0,0,0,0.0
Tunisia,1952,0.0,0.0,0,0,0.0
Tunisia,1956,0.0,0.0,0,0,0.0
Tunisia,1960,0.0,0.0,0,0,0.0
Tunisia,1964,0.0,2.0,0,0,0.0
Tunisia,1968,1.0,2.0,0,0,0.0
Tunisia,1972,0.0,1.0,0,0,0.0
Tunisia,1976,0.0,0.0,0,0,0.0
Tunisia,1980,0.0,0.0,0,0,0.0
Tunisia,1984,0.0,0.0,0,0,0.0
Tunisia,1988,0.0,0.0,0,0,0.0
Tunisia,1992,0.0,0.0,0,0,0.0
Tunisia,1996,0.0,1.0,0,0,0.0
Tunisia,2000,0.0,0.0,0,0,0.0
Tunisia,2004,0.0,0.0,0,0,0.0
Tunisia,2008,1.0,1.0,0,0,0.0
Tunisia,2012,2.0,3.0,0,0,0.0
Tunisia,2016,0.0,3.0,0,0,0.0
Tunisia,2020,1.0,2.0,0,0,0.0
Tunisia,2024,1.0,3.0,0,0,0.0
Turkey,1952,2.0,3.0,0,0,0.0
Turkey,1956,3.0,7.0,0,0,0.0
Turkey,1960,7.0,9.0,0,0,0.0
Turkey,1964,2.0,6.0,0,0,0.0
Turkey,1968,2.0,2.0,0,0,0.0
Turkey,1972,0.0,1.0,0,0,0.0
Turkey,1976,0.0,0.0,0,0,0.0
Turkey,1980,0.0,0.0,0,0,0.0
Turkey,1984,0.0,3.0,0,0,0.0
Turkey,1988,1.0,2.0,0,0,0.0
Turkey,1992,2.0,6.0,0,0,0.0
Turkey,1996,4.0,6.0,0,0,0.0
Turkey,2000,3.0,5.0,0,0,0.0
Turkey,2004,3.0,10.0,0,0,0.0
Turkey,2008,1.0,5.0,0,0,0.0
Turkey,2012,1.0,3.0,0,0,0.0
Turkey,2016,1.0,8.0,0,0,0.0
Turkey,2020,2.0,13.0,0,0,0.0
Turkey,2024,0.0,8.0,0,0,0.0
Uganda,1952,0.0,0.0,0,0,0.0
Uganda,1956,0.0,0.0,0,0,0.0
Uganda,1960,0.0,0.0,0,0,0.0
Uganda,1964,0.0,0.0,0,0,0.0
Uganda,1968,0.0,2.0,0,0,0.0
Uganda,1972,1.0,2.0,0,0,0.0
Uganda,1976,0.0,0.0,0,0,0.0
Uganda,1980,0.0,1.0,0,0,0.0
Uganda,1984,0.0,0.0,0,0,0.0
Uganda,1988,0.0,0.0,0,0,0.0
Uganda,1992,0.0,0.0,0,0,0.0
Uganda,1996,0.0,1.0,0,0,0.0
Uganda,2000,0.0,0.0,0,0,0.0
Uganda,2004,0.0,0.0,0,0,0.0
Uganda,2008,0.0,0.0,0,0,0.0
Uganda,2012,1.0,1.0,0,0,0.0
Uganda,2016,0.0,0.0,0,0,0.0
Uganda,2020,2.0,4.0,0,0,0.0
Uganda,2024,1.0,2.0,0,0,0.0
Ukraine,1952,0.0,0.0,0,0,0.0
Ukraine,1956,0.0,0.0,0,0,0.0
Ukraine,1960,0.0,0.0,0,0,0.0
Ukraine,1964,0.0,0.0,0,0,0.0
Ukraine,1968,0.0,0.0,0,0,0.0
Ukraine,1972,0.0,0.0,0,0,0.0
Ukraine,1976,0.0,0.0,0,0,0.0
Ukraine,1980,0.0,0.0,0,0,0.0
Ukraine,1984,0.0,0.0,0,0,0.0
Ukraine,1988,0.0,0.0,0,0,0.0
Ukraine,1992,0.0,0.0,0,0,0.0
Ukraine,1996,9.0,23.0,0,0,0.0
Ukraine,2000,3.0,23.0,0,0,0.0
Ukraine,2004,8.0,22.0,0,0,0.0
Ukraine,2008,7.0,22.0,0,0,0.0
Ukraine,2012,5.0,19.0,0,0,0.0
Ukraine,2016,2.0,11.0,0,0,0.0
Ukraine,2020,1.0,19.0,0,0,0.0
Ukraine,2024,3.0,12.0,0,0,0.0
United States,1952,40.0,76.0,0,0,0.788618
United States,1956,32.0,74.0,0,0,0.760391
United States,1960,34.0,71.0,0,0,0.768707
United States,1964,36.0,90.0,0,0,0.768421
United States,1968,45.0,107.0,0,0,0.761252
United States,1972,33.0,94.0,0,0,0.726619
United States,1976,34.0,94.0,0,1,0.731749
United States,1980,0.0,0.0,0,1,0.733547
United States,1984,83.0,174.0,1,1,0.733547
United States,1988,36.0,94.0,0,1,0.821058
United States,1992,37.0,108.0,0,1,0.823899
United States,1996,44.0,101.0,1,1,0.824134
United States,2000,37.0,93.0,0,0,0.650668
United States,2004,36.0,101.0,0,0,0.651453
United States,2008,36.0,112.0,0,0,0.654018
United States,2012,48.0,104.0,0,0,0.656384
United States,2016,46.0,121.0,0,0,0.638265
United States,2020,39.0,113.0,0,1,0.625
United States,2024,40.0,126.0,0,1,0.623474
Uzbekistan,1952,0.0,0.0,0,0,0.0
Uzbekistan,1956,0.0,0.0,0,0,0.0
Uzbekistan,1960,0.0,0.0,0,0,0.0
Uzbekistan,1964,0.0,0.0,0,0,0.0
Uzbekistan,1968,0.0,0.0,0,0,0.0
Uzbekistan,1972,0.0,0.0,0,0,0.0
Uzbekistan,1976,0.0,0.0,0,0,0.0
Uzbekistan,1980,0.0,0.0,0,0,0.0
Uzbekistan,1984,0.0,0.0,0,0,0.0
Uzbekistan,1988,0.0,0.0,0,0,0.0
Uzbekistan,1992,0.0,0.0,0,0,0.0
Uzbekistan,1996,0.0,2.0,0,0,0.0
Uzbekistan,2000,1.0,4.0,0,0,0.0
Uzbekistan,2004,2.0,5.0,0,0,0.0
Uzbekistan,2008,0.0,4.0,0,0,0.0
Uzbekistan,2012,0.0,3.0,0,0,0.0
Uzbekistan,2016,4.0,13.0,0,0,0.0
Uzbekistan,2020,3.0,5.0,0,0,0.0
Uzbekistan,2024,8.0,13.0,0,0,0.0
Venezuela,1952,0.0,1.0,0,0,0.0
Venezuela,1956,0.0,0.0,0,0,0.0
Venezuela,1960,0.0,1.0,0,0,0.0
Venezuela,1964,0.0,0.0,0,0,0.0
Venezuela,1968,1.0,1.0,0,0,0.0
Venezuela,1972,0.0,0.0,0,0,0.0
Venezuela,1976,0.0,1.0,0,0,0.0
Venezuela,1980,0.0,1.0,0,0,0.0
Venezuela,1984,0.0,3.0,0,0,0.0
Venezuela,1988,0.0,0.0,0,0,0.0
Venezuela,1992,0.0,0.0,0,0,0.0
Venezuela,1996,0.0,0.0,0,0,0.0
Venezuela,2000,0.0,0.0,0,0,0.0
Venezuela,2004,0.0,2.0,0,0,0.0
Venezuela,2008,0.0,1.0,0,0,0.0
Venezuela,2012,1.0,1.0,0,0,0.0
Venezuela,2016,0.0,3.0,0,0,0.0
Venezuela,2020,1.0,4.0,0,0,0.0
Venezuela,2024,0.0,0.0,0,0,0.0
